year,probability_at_least_one_signal,expected_detectable_sources,probability_p05,probability_p95
1800,0.004557806813700216,0.00456821216051631,0.003243122502534279,0.006270168376801699
1810,0.004575583075125178,0.004586069870509738,0.0032550229715773036,0.006296692733609377
1820,0.004593316366017897,0.004603884730436936,0.0032668868654765924,0.00632317627952389
1830,0.004611005653493372,0.004621655700344901,0.0032787134682658817,0.006349617563462506
1840,0.004628649903949511,0.004639381739482029,0.0032905020641210035,0.006376015131412227
1850,0.0046462480831385156,0.004657061806397095,0.003302251937469858,0.006402367526535424
1860,0.004663799156301995,0.0046746948590386745,0.0033139623730309873,0.006428673289323039
1870,0.004681302088232919,0.004692279854855027,0.0033256326559145343,0.006454930957701976
1880,0.004698755843405733,0.004709815750894486,0.0033372620716744074,0.006481139067184815
1890,0.004716159386054186,0.004727301503906134,0.0033488499063823894,0.006507296150992158
1900,0.004733511680281133,0.004744736070441082,0.0033603954467081422,0.006533400740183714
1910,0.004750811690158341,0.0047621184069539775,0.0033718979799860493,0.006559451363801194
1920,0.0047680583798287435,0.004779447469904928,0.003383356794288306,0.006585446548985584
1930,0.004785250713606359,0.004796722215862026,0.003394771178489719,0.006611384821127142
1940,0.004802387656077767,0.004813941601603799,0.0034061404223583946,0.006637264703993428
1950,0.004819468172200914,0.004831104584222473,0.0034174638166027836,0.006663084719869005
1960,0.004836491227410922,0.004848210121227224,0.003428740652972184,0.00668884338968656
1970,0.0048534557877284445,0.004865257170647882,0.003439970224305311,0.006714539233170057
1980,0.004870360819843489,0.004882244691139043,0.0034511518246265306,0.006740170768974318
1990,0.004887205291249641,0.004899171642084213,0.0034622847491959097,0.006765736514808806
2000,0.004903988170309348,0.004916036983700506,0.003473368294592183,0.006791234987599503
2010,0.004920708426389142,0.004932839677143366,0.0034844017587944308,0.006816664703615072
2020,0.004937365029945906,0.00494957868461172,0.003495384441244076,0.006842024178606309
2030,0.0049539569526474425,0.004966252969453285,0.0035063156429170016,0.006867311927950448
2040,0.004970483167448525,0.004982861496270042,0.003517194666405132,0.006892526466801607
2050,0.004986942648727455,0.0049994032310240345,0.003528020815991806,0.006917666310217751
2060,0.005003334372368551,0.005015877141143213,0.003538793397708473,0.006942729973306649
2070,0.005019657315880721,0.005032282195627618,0.0035495117194302202,0.006967715971380705
2080,0.005035910458485837,0.005048617365155566,0.0035601750909243224,0.006992622820086902
2090,0.00505209278124108,0.00506488162219007,0.003570782823956076,0.0070174490355601965
2100,0.005068203267134863,0.005081073941085279,0.0035813342323241294,0.00704219313456278
2110,0.005084240901193637,0.005097193298193312,0.0035918286319659206,0.007066853634627189
2120,0.005100204670591246,0.005113238671970771,0.003602265341015909,0.007091429054215736
2130,0.005116093564739077,0.005129209043085694,0.0036126436798768033,0.007115917912844827
2140,0.005131906575419731,0.0051451033945243575,0.00362296297129987,0.007140318731243411
2150,0.005147642696858856,0.005160920711698258,0.003633222540451231,0.007164630031504514
2160,0.00516330092586037,0.00517665998255105,0.0036434217149973304,0.007188850337217245
2170,0.005178880261889507,0.005192320197665578,0.0036535598251615344,0.007212978173629436
2180,0.005194379707197716,0.0052079003503707685,0.0036636362038063534,0.007237012067781211
2190,0.005209798266907817,0.005223399436848753,0.0036736501865001327,0.007260950548662803
2200,0.005225134949134125,0.005238816456241688,0.0036836011116044287,0.007284792147361862
2210,0.0052403887650877,0.005254150410758704,0.0036934883203291746,0.007308535397195559
2220,0.005255558729165388,0.005269400305782861,0.0037033111568024355,0.007332178833882796
2230,0.005270643859073831,0.005284565149977721,0.00371306896816539,0.007355720995680192
2240,0.005285643175932053,0.005299643955394207,0.0037227611046245944,0.007379160423526653
2250,0.005300555704361387,0.005314635737577116,0.003732386919523789,0.007402495661201025
2260,0.005315380472611819,0.005329539515671539,0.003741945769434496,0.007425725255468984
2270,0.005330116512643812,0.005344354312529239,0.003751437014193615,0.007448847756219101
2280,0.005344762860252761,0.00535907915481482,0.0037608600170063178,0.00747186171663413
2290,0.005359318555156367,0.005373713073111632,0.003770214144509132,0.0074947656933265095
2300,0.005373782641123537,0.0053882551020276465,0.0037794987668204215,0.00751755824648359
2310,0.005388154166037884,0.005402704280301067,0.003788713257644438,0.00754023794003451
2320,0.005402432182048944,0.005417059650905645,0.0037978569943071805,0.007562803341773216
2330,0.005416615745633235,0.0054313202611558946,0.0038069293578554706,0.007585253023529236
2340,0.0054307039177288186,0.005445485162811956,0.0038159297330992437,0.007607585561307261
2350,0.005444695763813678,0.005459553412184238,0.0038248575087077128,0.007629799535439852
2360,0.005458590354039061,0.005473524070237734,0.003833712077256246,0.0076518935307320676
2370,0.005472386763293646,0.005487396202696104,0.003842492835306066,0.0076738661366117285
2380,0.005486084071327779,0.005501168880145407,0.003851199183473086,0.0076957159472824995
2390,0.005499681362860387,0.005514841178137456,0.0038598305264908594,0.007717441561860216
2400,0.005513177727665686,0.005528412177292937,0.0038683862732724617,0.00773904158453702
2410,0.0055265722606823164,0.0055418809634040205,0.0038768658369971345,0.0077605146247176175
2420,0.005539864062105049,0.00555524662753676,0.0038852686351596444,0.007781859297174875
2430,0.005553052237496026,0.005568508266132884,0.003893594089639185,0.007803074222187444
2440,0.005566135897888236,0.005581664981111441,0.003901841626769076,0.007824158025687998
2450,0.005579114159862453,0.005594715879969776,0.003910010677409681,0.0078451093394283
2460,0.0055919861456632525,0.005607660075884173,0.003918100676995606,0.00786592680110727
2470,0.005604750983298157,0.005620496687810083,0.003926111065608295,0.007886609054516991
2480,0.005617407806628338,0.005633224840581755,0.003934041288053802,0.007907154749696865
2490,0.005629955755463212,0.005645843665011465,0.003941890793906378,0.007927562543081945
2500,0.005642393975673676,0.005658352297988229,0.003949659037578435,0.00794783109763234
2510,0.005654721619271719,0.005670749882575982,0.00395734547839337,0.00796795908299459
2520,0.005666937844509223,0.0056830355681112285,0.0039649495806355125,0.007987945175636767
2530,0.005679041815979002,0.0056952085103000325,0.003972470813618312,0.008007788058996046
2540,0.005691032704712495,0.0057072678713147446,0.003979908651741182,0.008027486423622287
2550,0.005702909688252933,0.005719212819889706,0.003987262574556394,0.0080470389673145
2560,0.0057146719507787935,0.005731042531416748,0.003994532066824197,0.008066444395267724
2570,0.005726318683163312,0.005742756188039787,0.00400171661857901,0.00808570142022068
2580,0.005737849083108926,0.005754352978749075,0.004008815725181525,0.008104808762587755
2590,0.00574926235519535,0.005765832099474484,0.00401582888738401,0.008123765150598294
2600,0.005760557710994596,0.0057771927531784,0.004022755611378804,0.008142569320447246
2610,0.005771734369161452,0.005788434149947775,0.004029595408875941,0.00816122001642523
2620,0.005782791555513089,0.005799555507085579,0.004036347797131201,0.008179715991063763
2630,0.005793728503125761,0.005810556049201522,0.004043012299028115,0.008198056005264985
2640,0.0058045444524152945,0.005821435008302017,0.004049588443121388,0.00821623882844319
2650,0.005815238651234789,0.0058321916238794885,0.004056075763699752,0.008234263238666594
2660,0.005825810354952332,0.0058428251430008345,0.004062473800828359,0.008252128022778683
2670,0.005836258826545482,0.005853334820395243,0.004068782100414792,0.008269831976552698
2680,0.005846583336671984,0.005863719918541116,0.004075000214260782,0.008287373904807483
2690,0.005856783163772139,0.005873979707752261,0.004081127700114729,0.008304752621554445
2700,0.005866857594140296,0.005884113466263284,0.004087164121708254,0.008321966950125647
2710,0.005876805922009565,0.005894120480314176,0.004093109048840193,0.008339015723303155
2720,0.00588662744963675,0.005904000044233957,0.0040989620573911425,0.008355897783438392
2730,0.005896321487384726,0.00591375146052362,0.004104722729409638,0.008372611982621656
2740,0.005905887353796602,0.005923374039938169,0.004110390653122575,0.008389157182757588
2750,0.0059153243756742135,0.005932867101567644,0.004115965423027279,0.008405532255740054
2760,0.005924631888176046,0.005942229972917529,0.004121446639896331,0.008421736083547337
2770,0.005933809234849208,0.005951461989988014,0.004126833910860217,0.008437767558384456
2780,0.005942855767781863,0.005960562497352462,0.0041321268494342814,0.008453625582806
2790,0.00595177084758447,0.005969530848234916,0.004137325075575282,0.00846930906983686
2800,0.005960553843554761,0.005978366404586671,0.004142428215710381,0.008484816943097339
2810,0.005969204133680406,0.005987068537161963,0.004147435902804475,0.008500148136928055
2820,0.005977721104770128,0.005995636625592479,0.004152347776387189,0.008515301596501035
2830,0.005986104152472138,0.006004070058461185,0.004157163482601034,0.008530276277960158
2840,0.005994352681389037,0.0060123682333749475,0.004161882674247131,0.008545071148509518
2850,0.006002466105116899,0.006020530557036258,0.004166505010822774,0.008559685186559328
2860,0.006010443846336866,0.006028556445313791,0.004171030158559319,0.008574117381830691
2870,0.0060182853368753175,0.006036445323312309,0.0041754577904694725,0.008588366735469677
2880,0.006025990017762606,0.006044196625440978,0.004179787586383599,0.008602432260167346
2890,0.006033557339308437,0.0060518097954811185,0.004184019232982239,0.008616312980264029
2900,0.006040986761166156,0.006059284286652707,0.004188152423852532,0.008630007931874028
2910,0.006048277752380704,0.006066619561679709,0.004192186859491265,0.008643516162980546
2920,0.006055429791490208,0.0060738150928544956,0.004196122247376521,0.008656836733556848
2930,0.006062442366548071,0.006080870362101123,0.004199958301984319,0.008669968715672736
2940,0.006069314975199691,0.00608778486103748,0.00420369474481932,0.00868291119359884
2950,0.006076047124745854,0.006094558091036275,0.004207331304469031,0.008695663263909314
2960,0.0060826383321936905,0.006101189563284995,0.004210867716607669,0.008708224035593203
2970,0.006089088124311859,0.006107678798844746,0.004214303724053359,0.00872059263015643
2980,0.006095396037696821,0.00611402532870779,0.004217639076783431,0.008732768181712279
2990,0.006101561618827911,0.006120228693854106,0.004220873531974823,0.0087447498370957
3000,0.0061075844241093025,0.006126288445306696,0.004224006854025864,0.008756536755962451
3010,0.006113464019932735,0.0061322041441857515,0.004227038814585571,0.008768128110866068
3020,0.0061191999827321375,0.006137975361761542,0.004229969192588546,0.008779523087374485
3030,0.006124791899016047,0.006143601679506326,0.004232797774273001,0.00879072088416578
3040,0.006130239365437662,0.00614908268914488,0.004235524353210463,0.00880172071310451
3050,0.006135541988833038,0.006154417992703778,0.004238148730330104,0.00881252179935016
3060,0.006140699386277593,0.006159607202559705,0.004240670713947514,0.008823123381429364
3070,0.006145711185116531,0.006164649941486302,0.004243090119777071,0.008833524711346852
3080,0.006150577023016357,0.00616954584269982,0.004245406770965998,0.008843725054651228
3090,0.006155296548013167,0.006174294549903725,0.004247620498106852,0.00885372369053795
3100,0.006159869418542296,0.006178895717331742,0.004249731139265811,0.008863519911924366
3110,0.00616429530351148,0.006183349009789982,0.004251738539997863,0.00887311302552446
3120,0.006168573882281758,0.006187654102697448,0.0042536425533602155,0.008882502351956933
3130,0.006172704844775501,0.006191810682125649,0.004255443039942663,0.008891687225794297
3140,0.006176687891457755,0.006195818444836621,0.004257139867878246,0.008900666995647098
3150,0.006180522733396754,0.006199677098319872,0.004258732912853825,0.008909441024271134
3160,0.006184209092299109,0.00620338636082789,0.004260222058136698,0.008918008688597467
3170,0.006187746700545116,0.006206945961410477,0.00426160719457328,0.008926369379826715
3180,0.00619113530120452,0.006210355639947762,0.004262888220621497,0.008934522503504148
3190,0.006194374648084255,0.006213615147181802,0.004264065042348397,0.008942467479593019
3200,0.006197464505750205,0.0062167242447470315,0.004265137573445732,0.008950203742519945
3210,0.006200404649567615,0.006219682705199209,0.004266105735243608,0.00895773074126318
3220,0.006203194865699979,0.006222490312043294,0.004266969456713132,0.008965047939410407
3230,0.006205834951166556,0.006225146859759715,0.004267728674483972,0.008972154815222155
3240,0.00620832471385091,0.006227652153829495,0.004268383332850201,0.00897905086169074
3250,0.0062106639725239,0.006230006010758015,0.004268933383764262,0.008985735586603715
3260,0.006212852556870541,0.006232208258097368,0.004269378786860867,0.008992208512597953
3270,0.006214890307501775,0.006234258734467455,0.004269719509453929,0.008998469177225398
3280,0.006216777075992441,0.006236157289575634,0.004269955526539415,0.009004517132990808
3290,0.006218512724867731,0.006237903784235137,0.004270086820795505,0.009010351947424555
3300,0.006220097127663582,0.006239498090382094,0.004270113382596452,0.009015973203110749
3310,0.006221530168892819,0.006240940091091084,0.004270035210000245,0.00902138049776102
3320,0.006222811744102774,0.006242229680589518,0.004269852308754374,0.00902657344424631
3330,0.006223941759857521,0.006243366764270569,0.0042695646923058385,0.0090315516706446
3340,0.006224920133754974,0.00624435125870463,0.004269172381771269,0.00903631482028696
3350,0.006225746794454534,0.00624518309164969,0.004268675405967992,0.00904086255180435
3360,0.0062264216816764195,0.006245862202059997,0.004268073801386829,0.009045194539158863
3370,0.006226944746188456,0.00624638854009364,0.004267367612202466,0.009049310471686233
3380,0.006227315949839163,0.006246762067118613,0.004266556890249385,0.009053210054141269
3390,0.006227535265551198,0.006246982755717519,0.004265641695036004,0.009056893006710042
3400,0.006227602677333466,0.006247050589690953,0.0042646220937316735,0.00906035906507413
3410,0.006227518180257019,0.006246965564059445,0.0042634981611462735,0.009063607980413745
3420,0.006227281780495586,0.00624672768506412,0.00426226997973791,0.009066639519453289
3430,0.006226893495289154,0.006246336970165904,0.004260937639589768,0.009069453464488907
3440,0.006226353352958736,0.006245793448043395,0.0042595012384123885,0.00907204961339497
3450,0.006225661392907367,0.006245097158589338,0.004257960881514722,0.009074427779688976
3460,0.006224817665592353,0.006244248152905764,0.004256316681809691,0.0090765877925013
3470,0.006223822232553022,0.0062432464932977855,0.004254568759785848,0.009078529496639285
3480,0.006222675166378755,0.006242092253265826,0.0042527172434984935,0.009080252752580618
3490,0.00622137655070143,0.006240785517496848,0.00425076226855633,0.009081757436498238
3500,0.006219926480203863,0.006239326381853798,0.0042487039781033634,0.009083043440280924
3510,0.006218325060575736,0.00623771495336399,0.00424654252279485,0.009084110671532085
3520,0.006216572408530796,0.006235951350206015,0.0042442780607990895,0.009084959053593997
3530,0.0062146686517945415,0.006234035701695266,0.004241910757740397,0.009085588525548048
3540,0.006212613929055588,0.0062319681482681695,0.0042394407867255455,0.009085999042217428
3550,0.0062104083899811036,0.006229748841465015,0.004236868328295873,0.009086190574197671
3560,0.0062080521951835,0.006227377943911433,0.004234193570392264,0.009086163107826372
3570,0.00620554551621455,0.00622485562929849,0.0042314167083695505,0.00908591664521283
3580,0.006202888535517426,0.00622218208236163,0.004228537944942368,0.009085451204214256
3590,0.006200081446439465,0.006219357498857918,0.004225557490175069,0.009084766818459643
3600,0.006197124453185987,0.006216382085542372,0.004222475561451377,0.009083863537317593
3610,0.006194017770801308,0.006213256060142543,0.004219292383444162,0.009082741425918927
3620,0.006190761625139096,0.006209979651332095,0.004216008188101183,0.00908140056511335
3630,0.00618735625285094,0.0062065530987028645,0.004212623214604738,0.009079841051502367
3640,0.00618380190133061,0.0062029766527357,0.0042091377093456455,0.009078062997393142
3650,0.006180098828707847,0.006199250574769885,0.004205551925893636,0.009076066530802184
3660,0.006176247303820492,0.0061953751369713565,0.004201866124977094,0.009073851795436037
3670,0.006172247606146097,0.006191350622299619,0.004198080574426832,0.00907141895067589
3680,0.006168100025818801,0.006187177324473192,0.004194195549177026,0.00906876817155523
3690,0.006163804863551392,0.006182855547933998,0.004190211331197613,0.00906589964873875
3700,0.006159362430620319,0.0061783856078103105,0.004186128209491069,0.009062813588508899
3710,0.00615477304883294,0.006173767829878384,0.004181946480026744,0.00905951021272442
3720,0.006150037050470569,0.006169002550523086,0.004177666445744388,0.00905598975880999
3730,0.006145154778264494,0.006164090116696801,0.004173288416477894,0.009052252479723633
3740,0.0061401265853515685,0.006159030885877524,0.0041688127089409945,0.00904829864391976
3750,0.006134952835221141,0.006153825226025436,0.004164239646681922,0.009044128535328
3760,0.006129633901684195,0.006148473515538273,0.004159569560056286,0.009039742453307341
3770,0.006124170168824161,0.006142976143205574,0.004154802786159407,0.009035140712626965
3780,0.006118562030955288,0.00613733350816155,0.004149939668824087,0.009030323643407789
3790,0.0061128098925640195,0.0061315460198367675,0.004144980558543166,0.00902529159110772
3800,0.0061069141682780215,0.006125614097908722,0.004139925812454481,0.00902004491645243
3810,0.006100875282783358,0.0061195381722510146,0.0041347757942816095,0.009014583995429704
3820,0.006094693670833262,0.00611331868288155,0.004129530874301901,0.009008909219198634
3830,0.006088369777131342,0.006106956079909315,0.004124191429291257,0.009003020994088007
3840,0.006081904056313148,0.006100450823480257,0.004118757842493015,0.008996919741517007
3850,0.006075296972895883,0.00609380338372163,0.004113230503551668,0.008990605897963121
3860,0.006068549001205348,0.006087014240685465,0.004107609808487578,0.008984079914902887
3870,0.006061660625329202,0.006080083884290896,0.00410189615963994,0.008977342258755315
3880,0.006054632339056343,0.006073012814265113,0.00409608996561981,0.008970393410843113
3890,0.006047464645821399,0.006065801540083316,0.004090191641262265,0.008963233867304564
3900,0.006040158058647216,0.006058450580907685,0.004084201607574156,0.008955864139076584
3910,0.006032713100071363,0.006050960465524893,0.004078120291690324,0.008948284751794777
3920,0.006025130302099946,0.006043331732282948,0.004071948126820324,0.008940496245765572
3930,0.006017410206130447,0.0060355649290265165,0.004065685552192689,0.008932499175871855
3940,0.00600955336291209,0.006027660613031487,0.004059333013009503,0.00892429411153297
3950,0.006001560332439149,0.006019619350938316,0.0040528909603930185,0.008915881636618427
3960,0.005993431683921968,0.006011441718684345,0.004046359851328951,0.008907262349394207
3970,0.005985167995712137,0.00600312830143502,0.004039740148609872,0.00889843686244095
3980,0.005976769855220665,0.005994679693514238,0.004033032320795949,0.008889405802596027
3990,0.005968237858860914,0.005986096498333456,0.004026236842137909,0.008880169810860405
4000,0.005959572611972663,0.005977379328319912,0.0040193541925425125,0.00887072954233533
4010,0.005950774728751718,0.005968528804843869,0.004012384857499185,0.008861085666157774
4020,0.005941844832184073,0.005959545558144721,0.004005329328034946,0.008851238865395204
4030,0.005932783553964205,0.005950430227256342,0.003998188100649891,0.00884118983698303
4040,0.0059235915344270085,0.0059411834599313205,0.00399096167726275,0.008830939291637451
4050,0.005914269422471641,0.005931805912564195,0.003983650565158725,0.00882048795378214
4060,0.0059048178754750325,0.0059222982501139715,0.003976255276905327,0.008809836561443317
4070,0.005895237559232713,0.005912661146025471,0.00396877633033278,0.00879898586618558
4080,0.0058855291478749905,0.005902895282149928,0.003961214248436396,0.008787936633014859
4090,0.0058756933237827935,0.005893001348664613,0.003953569559333614,0.008776689640284928
4100,0.005865730777508182,0.005882980043991559,0.003945842796204002,0.008765245679608468
4110,0.005855642207700407,0.005872832074715527,0.003938034497219511,0.008753605555776733
4120,0.005845428321030077,0.005862558155500983,0.003930145205496593,0.008741770086650068
4130,0.005835089832075369,0.005852159009008225,0.003922175469010381,0.008729740103070692
4140,0.005824627463289489,0.005841635365808885,0.003914125840548866,0.008717516448771489
4150,0.005814041944872783,0.0058309879643002336,0.0039059968776488873,0.0087050999802601
4160,0.005803334014713668,0.0058202175506191466,0.0038977891425265978,0.00869249156674735
4170,0.005792504418293709,0.005809324878554869,0.0038895032020145547,0.008679692090012136
4180,0.005781553908600134,0.005798310709461256,0.003881139627492791,0.008666702444338413
4190,0.005770483246040792,0.005787175812168139,0.0038726989948374094,0.008653523536378337
4200,0.0057592931983634355,0.005775920962892018,0.0038641818843338396,0.008640156285063483
4210,0.005747984540566353,0.005764546945145934,0.0038555888806254043,0.008626601621501017
4220,0.005736558054788787,0.005753054549648699,0.0038469205726485937,0.008612860488863283
4230,0.005725014530257422,0.005741444574233399,0.003838177553555022,0.008598933842266608
4240,0.005713354763160927,0.005729717823755191,0.0038293604206459334,0.00858482264869349
4250,0.005701579556576353,0.005717875109998444,0.003820469775321222,0.008570527886839983
4260,0.00568968972038697,0.005705917251583261,0.0038115062229875153,0.008556050547033045
4270,0.005677686071161037,0.005693845073871234,0.003802470372998923,0.008541391631119454
4280,0.005665569432094619,0.005681659408870729,0.0037933628386013774,0.008526552152326092
4290,0.005653340632887249,0.005669361095141417,0.0037841842368417145,0.008511533135163906
4300,0.005641000509661542,0.005656950977698372,0.0037749351885193573,0.008496335615308591
4310,0.005628549904872049,0.00564442990791535,0.0037656163180959214,0.0084809606394744
4320,0.00561598966720378,0.005631798743427733,0.00375622825364047,0.008465409265305788
4330,0.005603320651473509,0.005619058348034814,0.0037467716267594263,0.008449682561247129
4340,0.005590543718539509,0.005606209591601558,0.0037372470725125172,0.00843378160643231
4350,0.005577659735214513,0.005593253349959805,0.0037276552293623033,0.008417707490547054
4360,0.005564669574136816,0.00558019050480904,0.0037179967390753798,0.008401461313717672
4370,0.005551574113700775,0.00556702194361669,0.0037082722466901365,0.008385044186388512
4380,0.005538374237951782,0.005553748559517741,0.0036984824004029806,0.008368457229191205
4390,0.0055250708364913415,0.005540371251214275,0.0036886278515348312,0.008351701572800362
4400,0.005511664804360827,0.005526890922874144,0.003678709254421697,0.008334778357850658
4410,0.005498157041956442,0.00551330848402958,0.003668727266376237,0.008317688734764472
4420,0.005484548454926075,0.00549962484947512,0.003658682547602654,0.00830043386364032
4430,0.005470839954068496,0.005485840939165298,0.003648575761120043,0.008283014914131947
4440,0.005457032455239319,0.005471957678111965,0.0036384075726960674,0.008265433065303062
4450,0.0054431268792275445,0.0054579759962810875,0.0036281786507645574,0.008247689505492916
4460,0.005429124151682174,0.0054438968284894,0.0036178896663712212,0.008229785432199599
4470,0.005415025202995527,0.005429721114300601,0.0036075412930804073,0.008211722051932368
4480,0.0054008309681889966,0.005415449797921295,0.003597134206923058,0.008193500580084645
4490,0.005386542386846105,0.0054010838280966105,0.0035866690863028076,0.008175122240797583
4500,0.005372160402974058,0.005386624158005453,0.003576146611930009,0.008156588266816955
4510,0.005357685964907266,0.0053720717451557504,0.003565567466766217,0.00813789989937339
4520,0.00534312002522952,0.005357427551279137,0.00355493233592139,0.00811905838802015
4530,0.005328463540640205,0.005342692542225547,0.0035442419065992107,0.008100064990517096
4540,0.005313717471868817,0.0053278676878577265,0.003533496868020658,0.008080920972684147
4550,0.005298882783545844,0.005312953961945259,0.00352269791135027,0.008061627608260468
4560,0.00528396044413737,0.0052979523420585905,0.003511845729623375,0.0080421861787625
4570,0.005268951425808743,0.005282863809462931,0.003500941017663184,0.008022597973350898
4580,0.005253856704336202,0.005267689349011804,0.003489984472027574,0.008002864288680755
4590,0.0052386772589951835,0.005252429949040664,0.003478976790916122,0.007982986428766502
4600,0.005223414072454524,0.005237086601260241,0.003467918674099446,0.007962965704834811
4610,0.0052080681306724275,0.005221660300649927,0.0034568108228658413,0.00794280343517979
4620,0.005192640422802541,0.005206152045350892,0.0034456539399199903,0.007922500945032506
4630,0.00517713194106495,0.005190562836559318,0.0034344487293332063,0.00790205956640284
4640,0.00516154368066557,0.005174893678419422,0.0034231958964444312,0.007881480637937376
4650,0.005145876639678915,0.00515914557791651,0.0034118961478203924,0.007860765504781275
4660,0.005130131818936623,0.005143319544770047,0.0034005501911486217,0.007839915518423167
4670,0.005114310221933094,0.005127416591326562,0.003389158735193842,0.007818932036570435
4680,0.0050984128547193475,0.005111437732452781,0.0033777224897035053,0.0077978164229694485
4690,0.005082440725796666,0.005095383985428582,0.0033662421653516076,0.007776570047292018
4700,0.005066394845999245,0.005079256369840117,0.003354718473646023,0.007755194284965816
4710,0.005050276228397155,0.005063055907472884,0.0033431521268807774,0.007733690517046176
4720,0.005034085888208417,0.00504678362220495,0.003331543838042861,0.007712060130047582
4730,0.005017824842660112,0.005030440539900291,0.0033198943207543795,0.007690304515818201
4740,0.0050014941109146616,0.005014027688302024,0.003308204289184491,0.007668425071375273
4750,0.004985094713941041,0.004997546096926062,0.0032964744580030736,0.007646423198762053
4760,0.00496862767441697,0.004980996796954602,0.0032847055422815076,0.0076243003049083595
4770,0.00495209401663832,0.0049643808211299705,0.0032728982574443456,0.007602057801469896
4780,0.004935494766393322,0.004947699203648553,0.003261053319169871,0.0075796971046853
4790,0.004918830950868869,0.004930952980054804,0.0032491714433573017,0.007557219635222655
4800,0.0049021035985479244,0.004914143187135656,0.003237253346023905,0.0075346268180420655
4810,0.004885313739099173,0.0048972708628149415,0.0032252997432492547,0.007511920082237244
4820,0.004868462403276319,0.004880337046048098,0.0032133113511004564,0.007489100860890928
4830,0.004851550622806511,0.004863342776717227,0.0032012888855667,0.007466170590913999
4840,0.004834579430307517,0.004846289095526097,0.0031892330624795464,0.007443130712914447
4850,0.00481754985915972,0.004829177043895838,0.0031771445974602573,0.00741998267104602
4860,0.0048004629434247326,0.004812007663860453,0.0031650242058291035,0.007396727912838862
4870,0.004783319717716061,0.00479478199796303,0.003152872602561885,0.0073733678890735
4880,0.004766121217117281,0.0047775010891519575,0.0031406905021943545,0.0073499040536268425
4890,0.004748868477097212,0.0047601659806776695,0.0031284786187807502,0.007326337863313281
4900,0.004731562533354161,0.004742777715989572,0.0031162376657931424,0.007302670777748054
4910,0.004714204421760737,0.00472533733863342,0.0031039683560908585,0.007278904259181384
4920,0.00469679517824384,0.004707845892148974,0.0030916714018259907,0.007255039772380156
4930,0.004679335838698284,0.0046903044199681386,0.003079347514391184,0.007231078784445965
4940,0.004661827438859345,0.004672713965313395,0.003066997404343341,0.007207022764690084
4950,0.004644271014224266,0.004655075571096654,0.003054621781341838,0.007182873184469696
4960,0.004626667599959222,0.0046373902798186074,0.003042221354083463,0.0071586315170562905
4970,0.004609018230769091,0.00461965913346832,0.0030297968302394618,0.007134299237479691
4980,0.004591323940829173,0.004601883173423511,0.0030173489163782706,0.0071098778223766534
4990,0.00457358576366762,0.004584063440351125,0.0030048783179174366,0.007085368749852515
5000,0.004555804732081614,0.00456620097410835,0.0029923857390460216,0.007060773499320237
5010,0.004537981878032227,0.004548296813644278,0.0029798718826726245,0.007036093551380017
5020,0.004520118232541059,0.0045303519969018755,0.002967337450346075,0.007011330387646997
5030,0.004502214825599982,0.004512367560720562,0.002954783142209127,0.006986485490620808
5040,0.004484272686083313,0.0044943445407393135,0.0029422096569241777,0.006961560343524176
5050,0.0044662928416359104,0.004476283971300283,0.002929617691619246,0.006936556430190698
5060,0.0044482763185947904,0.004458186885352876,0.002917007941818761,0.006911475234882369
5070,0.00443022414187022,0.004440054314358518,0.002904381101385778,0.006886318242169552
5080,0.004412137334891875,0.004421887288195878,0.0028917378624599087,0.0068610869367789476
5090,0.004394016919463506,0.004403686835066759,0.002879078915403943,0.006835782803450739
5100,0.004375863915710987,0.004385453981402512,0.0028664049487383434,0.0068104073268009145
5110,0.004357679341983722,0.004367189751771062,0.0028537166490689935,0.006784961991174786
5120,0.004339464214738298,0.004348895168784551,0.002841014701050082,0.006759448280506996
5130,0.004321219548474309,0.00433057125300763,0.0028282997873229744,0.006733867678175774
5140,0.0043029463556341074,0.00431221902286633,0.0028155725884428384,0.006708221666875902
5150,0.00428464564650477,0.004293839494557638,0.002802833782835601,0.006682511728463757
5160,0.004266318429141935,0.004275433681959685,0.0027900840467296904,0.006656739343821993
5170,0.004247965709276436,0.004257002596542579,0.0027773240541093315,0.006630905992729429
5180,0.004229588490226588,0.004238547247279999,0.0027645544766587427,0.0066050131537158325
5190,0.004211187772801606,0.00422006864056136,0.0027517759836985347,0.0065790623039307375
5200,0.0041927645552344295,0.004201567780104783,0.0027389892421390673,0.006553054918988765
5210,0.004174319833067375,0.0041830456668706705,0.0027261949164186896,0.00652699247286409
5220,0.004155854599101172,0.004164503298976115,0.002713393668454056,0.006500876437723157
5230,0.0041373698432845,0.004145941671609867,0.0027005861575966073,0.0064747082838166985
5240,0.004118866552640932,0.0041273617769481945,0.0026877730405609366,0.006448489479334661
5250,0.004100345711178122,0.004108764604071396,0.00267495497138307,0.006422221490267787
5260,0.004081808299814638,0.004090151138881069,0.0026621326013737123,0.006395905780286381
5270,0.004063255296288593,0.004071522364018234,0.0026493065790582416,0.006369543810603439
5280,0.004044687675089476,0.004052879258782026,0.0026364775501334092,0.006343137039835366
5290,0.0040261064073705555,0.004034222799049408,0.002623646157411519,0.006316686923901215
5300,0.004007512460855289,0.004015553957195423,0.0026108130407750617,0.006290194915857427
5310,0.0039889067997914696,0.0039968737020145235,0.0025979788371289668,0.0062636624657913635
5320,0.003970290384833208,0.003978182998642362,0.002585144180346077,0.006237091020697893
5330,0.00395166417301096,0.0039594828084786905,0.002572309701238207,0.006210482024334973
5340,0.003933029117603404,0.003940774089110923,0.0025594760274800232,0.006183836917106199
5350,0.003914386168103912,0.003922057794238531,0.0025466437835913736,0.006157157135947477
5360,0.003895736270124961,0.003903334873598337,0.00253381359086835,0.0061304441141947765
5370,0.0038770803653254138,0.0038846062728905375,0.002520986067363784,0.0061036992814519795
5380,0.0038584193913445697,0.003865872933705719,0.0025081618278178786,0.006076924063488176
5390,0.00383975428172334,0.0038471357934525227,0.0024953414836317634,0.006050119882096815
5400,0.0038210859658445173,0.0038283957852864167,0.0024825256428132715,0.006023288155000261
5410,0.0038024153688328566,0.003809653838039098,0.0024697149099452862,0.00599643029570791
5420,0.0037837434115275403,0.003790910876148899,0.002456909886136227,0.005969547713409406
5430,0.0037650710103771523,0.003772167819592072,0.002444111168978258,0.0059426418128619585
5440,0.0037463990773917155,0.003753425583814857,0.0024313193525147382,0.005915713994261551
5450,0.0037277285200693067,0.0037346850796665483,0.0024185350271900942,0.0058887656531498075
5460,0.003709060241331996,0.003715947213333385,0.0024057587798212987,0.005861798180273037
5470,0.0036903951394511303,0.0036972128862733855,0.0023929911935521297,0.00583481296149516
5480,0.003671734107997926,0.0036784829951520227,0.002380232847819386,0.00580781137766475
5490,0.003653078035772306,0.0036597584317788687,0.0023674843183059346,0.005780794804525501
5500,0.003634427806734175,0.0036410400830451366,0.002354746176920963,0.005753764612597944
5510,0.003615784299950686,0.0036223288308621033,0.002342018991750483,0.005726722167057363
5520,0.0035971483895359535,0.0036036255521005437,0.002329303327029253,0.005699668827655212
5530,0.0035785209445816646,0.00358493111853093,0.0023165997430944054,0.005672605948586839
5540,0.0035599028290999035,0.00356624639676476,0.002303908796380583,0.00564553487841064
5550,0.0035412949019810736,0.0035475722481966765,0.0022912310393393143,0.0056184569599193376
5560,0.003522698016912962,0.003528909528947552,0.002278567020454403,0.005591373530061183
5570,0.0035041130223421035,0.003510259089808547,0.0022659172841878795,0.005564285919825273
5580,0.0034855407614048373,0.0034916217761860884,0.002253282370939147,0.005537195454145659
5590,0.003466982071893887,0.0034729984280478508,0.0022406628170345113,0.005510103451792269
5600,0.0034484377861685456,0.0034543898798695357,0.0022280591546846584,0.005483011225300281
5610,0.003429908731145015,0.0034357969605828017,0.0022154719119616643,0.005455920080847365
5620,0.0034113957282152496,0.0034172204935239954,0.0022029016127627643,0.005428831318163784
5630,0.0033928995932037687,0.0033986612963839476,0.002190348776793383,0.005401746230447113
5640,0.003374421136315142,0.0033801201811586193,0.002177813919529126,0.00537466610427496
5650,0.003355961162106458,0.003361597954100821,0.0021652975521957553,0.005347592219483676
5660,0.0033375204694028326,0.0033430954156728264,0.002152800181742698,0.005320525849118262
5670,0.0033190998512783176,0.0033246133604999785,0.0021403223108124704,0.005293468259308708
5680,0.0033007000949960563,0.003306152577325237,0.002127864437728233,0.005266420709203811
5690,0.003282321981978531,0.0032877138489647273,0.002115427056451047,0.005239384450877526
5700,0.003263966287744169,0.0032692979522642536,0.0021030106565760433,0.005212360729252718
5710,0.003245633781877144,0.0032509056580567273,0.0020906157232954193,0.005185350781994646
5720,0.003227325227982858,0.0032325377311206685,0.002078242737390534,0.005158355839453276
5730,0.0032090413836399767,0.003214194930139575,0.0020658921751846473,0.0051313771245726884
5740,0.003190783000374675,0.00319587800766235,0.0020535645085709596,0.0051044158528030115
5750,0.0031725508236032374,0.0031775877100646355,0.0020412602049280303,0.0050774732320385645
5760,0.003154345592606078,0.003159324777511126,0.002028979727156843,0.00505055046252697
5770,0.0031361680404924375,0.003141089943918968,0.0020167235336292833,0.005023648736798191
5780,0.0031180188941501985,0.0031228839369219098,0.0020044920781885135,0.0049967692395931455
5790,0.0030998988742303446,0.0031047074778356447,0.0019922858101223185,0.004969913147778892
5800,0.0030818086950825663,0.003086561281624028,0.0019801051741387575,0.004943081630295875
5810,0.0030637490647603682,0.00306844605686621,0.0019679506103704838,0.004916275848065087
5820,0.0030457206849623386,0.003050362505724853,0.0019558225543524045,0.004889496953934536
5830,0.003027724251003061,0.0030323113239152746,0.0019437214369865787,0.004862746092608893
5840,0.0030097604517848042,0.003014293200675479,0.0019316476845619213,0.004836024400581462
5850,0.002991829969775095,0.0029963088187373228,0.0019196017187134927,0.004809333006057115
5860,0.002973933480964086,0.0029783588542984557,0.0019075839564279828,0.004782673028909889
5870,0.002956071654865333,0.0029604439769953805,0.001895594810022616,0.004756045580605594
5880,0.002938245154446295,0.002942564849877373,0.001883634687127378,0.004729451764146186
5890,0.0029204546361238926,0.0029247221293814195,0.0018717039906945288,0.004702892674008163
5900,0.0029027007497691715,0.002906916465308109,0.0018598031189643427,0.004676369396080826
5910,0.002884984138618818,0.00288914850079839,0.001847932465481239,0.004649883007615596
5920,0.0028673054393142383,0.002871418872311465,0.0018360924190598316,0.004623434577166296
5930,0.0028496652818403856,0.002853728209603438,0.001824283363792467,0.004597025164536084
5940,0.002832064289522096,0.002836077135707011,0.0018125056790420204,0.0045706558207214585
5950,0.0028145030790016623,0.0028184662669121603,0.0018007597394211537,0.004544327587861685
5960,0.0027969822602168515,0.0028008962127476357,0.001789045914809162,0.0045180414991966115
5970,0.0027795024363749254,0.0027833675759635266,0.0017773645703128894,0.004491798579002103
5980,0.002762064203951309,0.0027658809525146735,0.0017657160663042237,0.0044655998425511155
5990,0.0027446681526721584,0.002748436931545051,0.0017541007583743995,0.004439446296072879
6000,0.0027273148654770596,0.002731036095373061,0.0017425189973620191,0.004413338936695876
6010,0.0027100049185324604,0.002713679019477804,0.0017309711293295505,0.004387278752413326
6020,0.0026927388811995856,0.00269636627248614,0.0017194574955645804,0.004361266722033041
6030,0.0026755173160282197,0.0026790984161608844,0.0017079784325897851,0.004335303815147861
6040,0.002658340778741941,0.0026618760053896493,0.0016965342721462218,0.004309390992087902
6050,0.0026412098182323485,0.002644699588174846,0.0016851253411985013,0.0042835292038781
6060,0.0026241249765462937,0.0026275697056244154,0.001673751961948411,0.004257719392215286
6070,0.0026070867888755567,0.0026104868919435446,0.0016624144517989549,0.004231962489407093
6080,0.0025900957835433003,0.0025934516744272247,0.0016511131234016154,0.004206259418381696
6090,0.0025731524820188367,0.0025764645734537767,0.001639848284618295,0.004180611092607433
6100,0.0025562573988738846,0.0025595261024792077,0.0016286202385431437,0.004155018416087696
6110,0.0025394110418196503,0.002542636768032407,0.0016174292835090531,0.004129482283324758
6120,0.0025226139116646396,0.0025257970697113337,0.001606275713081895,0.004104003579295578
6130,0.0025058665023355298,0.0025090075001799805,0.0015951598160572455,0.0040785831794104555
6140,0.002489169300858185,0.002492268545166212,0.0015840818764833232,0.004053221949507867
6150,0.0024725227873790834,0.0024755806834605336,0.0015730421736527833,0.004027920745804502
6160,0.00245592743512546,0.0024589443869156256,0.0015620409821084482,0.0040026804148925
6170,0.0024393837104451643,0.0024423601204467487,0.0015510785716634668,0.003977501793712212
6180,0.002422892072784233,0.0024258283420330712,0.0015401552073839753,0.003952385709520178
6190,0.00240645297469233,0.002409349502719714,0.0015292711496130095,0.003927332979881003
6200,0.0023900668618226373,0.0023929240466206932,0.0015184266539816083,0.0039023444126510924
6210,0.0023737341729508366,0.0023765524109227135,0.001507621971401185,0.003877420805946396
6220,0.0023574553399493547,0.0023602350258897006,0.0014968573480847237,0.003852562948141158
6230,0.002341230787818893,0.0023439723148682124,0.00148613302555185,0.0038277716178504503
6240,0.002325060934679546,0.0023277646942936408,0.001475449240635518,0.0038030475839080143
6250,0.002308946191786121,0.0023116125736971937,0.0014648062255008143,0.0037783916053677254
6260,0.0022928869635249205,0.002295516355713686,0.0014542042076473249,0.003753804431483587
6270,0.0022768836474295062,0.0022794764360901353,0.0014436434099175167,0.0037292868016985167
6280,0.002260936634185029,0.0022634932036951,0.0014331240505231825,0.0037048394456427264
6290,0.002245046307642884,0.002247567040528819,0.0014226463430430992,0.003680463083123808
6300,0.0022292130448158254,0.0022316983217340767,0.0014122104964459203,0.0036561584241261097
6310,0.0022134372159202664,0.0022158874156079206,0.001401816715094639,0.0036319261687894453
6320,0.0021977191843404187,0.0022001346836140194,0.001391465198758679,0.0036077670074289745
6330,0.002182059306696238,0.0021844404803958296,0.0013811561426441909,0.0035836816205129457
6340,0.002166457932807786,0.0021688051537904966,0.0013708897373931439,0.0035596706786744535
6350,0.0021509154057341995,0.00215322904484347,0.001360666169097835,0.003535734842708404
6360,0.0021354320617953393,0.0021377124878238403,0.0013504856193286008,0.00351187476356547
6370,0.0021200082305508072,0.0021222558102404207,0.0013403482651363706,0.0034880910823639087
6380,0.002104644234869335,0.0021068593328585064,0.0013302542790810112,0.0034643844303946067
6390,0.0020893403908942565,0.0020915233697173376,0.0013202038292375539,0.0034407554291169037
6400,0.0020740970080902477,0.0020762482281482908,0.0013101970792148143,0.0034172046901734805
6410,0.002058914389262867,0.0020610342087937048,0.0013002341881838907,0.003393732815384009
6420,0.002043792830558999,0.002045881605626397,0.001290315310881107,0.003370340396774007
6430,0.002028732621498941,0.002030790705969925,0.00128044059764012,0.003347028016569342
6440,0.0020137340449940533,0.002015761790519377,0.0012706101943937508,0.00332379624721093
6450,0.0019987973773654133,0.0020007951333629,0.0012608242427142758,0.0033006456513645192
6460,0.001983922888372125,0.0019858910020039257,0.0012510828798172225,0.0032775767819336436
6470,0.001969110841221422,0.001971049657383863,0.0012413862385820095,0.0032545901820846927
6480,0.0019543614926118558,0.001956271353905628,0.0012317344475848313,0.0032316863852429375
6490,0.0019396750927251905,0.0019415563394576496,0.0012221276311049079,0.003208865915120862
6500,0.0019250518852819143,0.0019269048554385094,0.0012125659091513864,0.0031861292857241594
6510,0.0019104921075454584,0.001912317136782286,0.001203049397487832,0.00316347700140126
6520,0.0018959959903600554,0.0018977934119843586,0.001193578207648849,0.003140909556816662
6530,0.00188156375817361,0.0018833339031279013,0.0011841524469744958,0.0031184274369975835
6540,0.0018671956290413627,0.001868938825910908,0.0011747722186012833,0.0030960311173629292
6550,0.0018528918146974993,0.0018546083896738156,0.0011654376215283647,0.003073721063727119
6560,0.0018386525205491555,0.0018403427974276697,0.0011561487506039025,0.003051497732322605
6570,0.0018244779457025073,0.0018261422458828638,0.0011469056965776269,0.0030293615698442243
6580,0.0018103682830198364,0.001812006925478415,0.0011377085460907654,0.0030073130134614986
6590,0.0017963237191191972,0.0017979370204117757,0.0011285573817394813,0.00298535249083538
6600,0.0017823444344233774,0.001783932708669214,0.0011194522820664131,0.002963480420166053
6610,0.0017684306031759967,0.0017699941620566337,0.0011103933216069061,0.002941697210203642
6620,0.0017545823934846938,0.001756121546230993,0.001101380570894961,0.0029200032602874067
6630,0.0017407999673456631,0.0017423150207321898,0.0010924140965167695,0.002898398960376924
6640,0.001727083480672964,0.0017285747390154266,0.0010834939610980699,0.0028768846910709354
6650,0.0017134330833397104,0.0017149008484840993,0.001074620223367473,0.00285546082364998
6660,0.001699848919203828,0.0017012934905231386,0.0010657929381537646,0.0028341277201114896
6670,0.0016863311261408054,0.0016877528005328458,0.0010570121564335345,0.0028128857331833007
6680,0.001672879836089991,0.0016742789079631248,0.0010482779253412568,0.0027917352063923312
6690,0.001659495175055481,0.0016608719363482881,0.001039590288206682,0.0027706764740619166
6700,0.0016461772631936045,0.0016475320033421793,0.0010309492845762102,0.0027497098613832867
6710,0.001632926214797381,0.0016342592207538088,0.0010223549502484386,0.0027288356844234027
6720,0.001619742138359137,0.0016210536945833894,0.0010138073172927474,0.0027080542501790035
6730,0.0016066251366061435,0.0016079155250587863,0.0010053064140782776,0.0026873658566154645
6740,0.001593575306513939,0.0015948448066724018,0.0009968522653107325,0.0026667707926944944
6750,0.0015805927393843788,0.001581841628218431,0.0009884448920422619,0.0026462693384279863
6760,0.0015676775208365301,0.001568906072830513,0.0009800843117272473,0.002625861764910675
6770,0.001554829730882945,0.0015560382180197887,0.0009717705382188746,0.002605548334371821
6780,0.0015420494439352117,0.0015432381357133164,0.0009635035818292947,0.002585329300194594
6790,0.0015293367288765625,0.0015305058922928383,0.0009552834493376406,0.0025652049069872836
6800,0.0015166916490644278,0.0015178415486339486,0.0009471101440213681,0.0025451753906185585
6810,0.0015041142623993808,0.0015052451601455462,0.0009389836656983675,0.0025252409782477
6820,0.0014916046213445666,0.0014927167768096904,0.0009309040107453703,0.002505401888384828
6830,0.0014791627729833223,0.0014802564432217623,0.0009228711721306459,0.0024856583309399768
6840,0.0014667887590338324,0.001467864198630918,0.0009148851394386371,0.0024660105072579204
6850,0.0014544826159192947,0.0014555400769809086,0.0009069458989151569,0.0024464586101697657
6860,0.001442244374786239,0.0014432841069511764,0.0008990534334781253,0.002427002824042346
6870,0.001430074061554265,0.0014310963119982555,0.0008912077227675064,0.0024076433248347738
6880,0.0014179716969551226,0.0014189767103974455,0.0008834087431546344,0.0023883802801367704
6890,0.001405937296576787,0.0014069253152847842,0.0008756564677963708,0.0023692138492148684
6900,0.0013939708709088672,0.0013949421346993035,0.000867950866642564,0.0023501441830769184
6910,0.001382072425374914,0.0013830271716254996,0.0008602919064838565,0.002331171424519229
6920,0.001370241960382268,0.0013711804240361019,0.0008526795509843033,0.0023122957081748714
6930,0.001358479471354479,0.001359401884935071,0.0008451137606924619,0.0022935171605656278
6940,0.0013467849487894812,0.001347691542400844,0.0008375944930914314,0.0022748359001540375
6950,0.0013351583783061116,0.001336049379629785,0.0008301217026230102,0.002256252037406114
6960,0.0013235997406468858,0.0013244753749798918,0.0008226953407228343,0.0022377656748333915
6970,0.0013121090117782508,0.001312969502014682,0.0008153153558475568,0.002219376907061654
6980,0.0013006861629015765,0.0013015317295473109,0.0008079816935103956,0.002201085820862369
6990,0.0012893311604925684,0.0012901620216848521,0.0008006942963122987,0.002182892495242883
7000,0.0012780439663657717,0.0012788603378728078,0.000793453103962094,0.00216479700146609
