year_bin_start,probability_density
1800,0.005222984815803407
1825,0.005252172562628434
1850,0.005280919936432951
1875,0.005309218055959814
1900,0.005337058148807153
1925,0.005364431555988373
1950,0.005391329736448965
1975,0.005417744271536707
2000,0.005443666869421972
2025,0.005469089369465131
2050,0.00549400374652723
2075,0.00551840211522151
2100,0.005542276734101772
2125,0.0055656200097851626
2150,0.005588424501005805
2175,0.005610682922596517
2200,0.005632388149395301
2225,0.005653533220074098
2250,0.005674111340886408
2275,0.005694115889331383
2300,0.005713540417731193
2325,0.005732378656719339
2350,0.005750624518636912
2375,0.005768272100834397
2400,0.005785315688876447
2425,0.005801749759647201
2450,0.005817568984353728
2475,0.005832768231425258
2500,0.0058473425693061085
2525,0.005861287269140008
2550,0.005874597807343963
2575,0.005887269868069276
2600,0.005899299345548526
2625,0.005910682346325952
2650,0.005921415191370037
2675,0.005931494418066588
2700,0.0059409167820905365
2725,0.005949679259155443
2750,0.005957779046638996
2775,0.0059652135650835126
2800,0.005971980459570334
2825,0.0059780776009668414
2850,0.00598350308704528
2875,0.005988255243472937
2900,0.005992332624672195
2925,0.0059957340145506246
2950,0.005998458427099951
2975,0.0060005051068640425
3000,0.006001873529275201
3025,0.0060025634008587445
3050,0.0060025746593058635
3075,0.006001907473414484
3100,0.0060005622428986475
3125,0.005998539598066171
3150,0.005995840399365499
3175,0.005992465736801603
3200,0.005988416929221681
3225,0.005983695523471705
3250,0.0059783032934237175
3275,0.005972242238875583
3300,0.0059655145843236015
3325,0.005958122777609164
3350,0.005950069488440804
3375,0.005941357606792515
3400,0.005931990241180064
3425,0.005921970716816383
3450,0.005911302573647913
3475,0.005899989564273263
3500,0.005888035651745922
3525,0.005875445007263103
3550,0.00586222200774201
3575,0.005848371233286406
3600,0.005833897464544455
3625,0.0058188056799609155
3650,0.005803101052925305
3675,0.005786788948818637
3700,0.005769874921960841
3725,0.005752364712461529
3750,0.005734264242976508
3775,0.0057155796153724745
3800,0.005696317107302773
3825,0.005676483168696799
3850,0.005656084418165547
3875,0.005635127639326624
3900,0.005613619777051063
3925,0.005591567933635126
3950,0.005568979364900022
3975,0.005545861476222377
4000,0.005522221818498746
4025,0.005498068084046932
4050,0.00547340810244753
4075,0.005448249836328515
4100,0.005422601377096349
4125,0.0053964709406165426
4150,0.00536986686284708
4175,0.005342797595427764
4200,0.00531527170122886
4225,0.005287297849862285
4250,0.005258884813158576
4275,0.005230041460612878
4300,0.0052007767548033455
4325,0.005171099746785175
4350,0.0051410195714635554
4375,0.005110545442948853
4400,0.005079686649897184
4425,0.005048452550839842
4450,0.005016852569504618
4475,0.004984896190132405
4500,0.004952592952792141
4525,0.004919952448697447
4550,0.0048869843155280104
4575,0.004853698232758889
4600,0.004820103917000819
4625,0.004786211117354661
4650,0.004752029610782934
4675,0.0047175691975015754
4700,0.004682839696394651
4725,0.004647850940455249
4750,0.004612612772255166
4775,0.0045771350394463485
4800,0.004541427590296802
4825,0.004505500269263806
4850,0.004469362912606933
4875,0.004433025344043652
4900,0.004396497370449981
4925,0.0043597887776087455
4950,0.004322909326007862
4975,0.004285868746690999
5000,0.004248676737163011
5025,0.004211342957352261
5050,0.004173877025632253
5075,0.004136288514904342
5100,0.004098586948743919
5125,0.004060781797611847
5150,0.004022882475133099
5175,0.003984898334444375
5200,0.003946838664612663
5225,0.00390871268712608
5250,0.0038705295524590457
5275,0.003832298336712827
5300,0.0037940280383333617
5325,0.0037557275749074566
5350,0.003717405780038812
5375,0.0036790714003049727
5400,0.003640733092296531
5425,0.003602399419739452
5450,0.003564078850701692
5475,0.003525779754884941
5500,0.00348751040100227
5525,0.0034492789542426507
5550,0.0034110934738227645
5575,0.0033729619106269222
5600,0.0033348921049355107
5625,0.0032968917842424944
5650,0.0032589685611622067
5675,0.003221129931426053
5700,0.0031833832719689002
5725,0.003145735839105689
5750,0.0031081947667982823
5775,0.0030707670650122853
5800,0.0030334596181642052
5825,0.0029962791836584996
5850,0.002959232390514478
5875,0.0029223257380826496
5900,0.0028855655948503704
5925,0.0028489581973362684
5950,0.002812509649072988
5975,0.0027762259196777547
6000,0.0027401128440102227
6025,0.002704176121416847
6050,0.0026684213150612
6075,0.0026328538513393273
6100,0.002597479019379503
6125,0.0025623019706253847
6150,0.002527327718501601
6175,0.0024925611381609886
6200,0.0024580069663122863
6225,0.0024236698011272204
6250,0.0023895541022259897
6275,0.002355664190739864
6300,0.0023220042494497186
6325,0.0022885783229993004
6350,0.0022553903181819104
6375,0.0022224440042991605
6400,0.002189743013590499
6425,0.002157290841732049
6450,0.002125090848403412
6475,0.0020931462579208914
6500,0.0020614601599357523
6525,0.002030035510195925
6550,0.001998875131369666
6575,0.0019679817139295836
6600,0.0019373578170955184
6625,0.0019070058698345861
6650,0.001876928171916841
6675,0.001847126895024888
6700,0.001817604083915827
6725,0.0017883616576338621
6750,0.0017594014107718652
6775,0.0017307250147802601
6800,0.0017023340193215858
6825,0.0016742298536688981
6850,0.0016464138281464817
6875,0.0016188871356110678
6900,0.0015916508529718822
6925,0.0015647059427478527
6950,0.001538053254660206
6975,0.0015116935272588739
7000,0.0014856273895808988
7025,0.0014598553628392028
7050,0.0014343778621401125
7075,0.0014091951982278233
7100,0.0013843075792542864
7125,0.001359715112572806
7150,0.0013354178065536969
7175,0.00131141557242047
7200,0.001287708226104799
7225,0.0012642954901188528
7250,0.0012411769954432626
7275,0.0012183522834292848
7300,0.0011958208077135868
7325,0.0011735819361441012
7350,0.0011516349527155609
7375,0.0011299790595131433
7400,0.0011086133786628086
7425,0.0010875369542869813
7450,0.0010667487544640396
7475,0.001046247673190394
7500,0.0010260325323436653
7525,0.0010061020836457755
7550,0.000986455010624552
7575,0.0009670899305726542
7600,0.0009480053965025324
7625,0.0009291998990962698
7650,0.0009106718686490725
7675,0.0008924196770053164
7700,0.0008744416394859781
7725,0.000856736016806406
7750,0.0008393010169833582
7775,0.0008221347972302921
7800,0.0008052354658398756
7825,0.000788601084052834
7850,0.0007722296679121113
7875,0.0007561191901015168
7900,0.0007402675817679538
7925,0.0007246727343264194
7950,0.0007093325012469382
7975,0.0006942446998226905
8000,0.0006794071129185931
8025,0.0006648174906996044
8050,0.0006504735523380931
8075,0.0006363729876996261
8100,0.0006225134590065508
8125,0.0006088926024788111
8150,0.0005955080299514246
8175,0.0005823573304681082
8200,0.0005694380718505733
8225,0.0005567478022430019
8250,0.0005442840516313168
8275,0.0005320443333368045
8300,0.0005200261454837334
8325,0.0005082269724406521
8350,0.0004966442862349926
8375,0.0004852755479407644
8400,0.00047411820903901986
8425,0.00046316971275089946
8450,0.0004524274953430323
8475,0.0004418889874051142
8500,0.00043155161509951957
8525,0.0004214128013828116
8550,0.0004114699671990512
8575,0.00040172053264481746
8600,0.0003921619181058959
8625,0.000382791545365591
8650,0.0003736068386846618
8675,0.000364605225852885
8700,0.0003557841392122822
8725,0.00034714101665205346
8750,0.00033867330257532965
8775,0.0003303784488377719
8800,0.00032225391565819314
8825,0.0003142971725012989
8850,0.00030650569893269763
8875,0.0002988769854463647
8900,0.00029140853426471797
8925,0.0002840978601115192
8950,0.0002769424909578124
8975,0.00026993996874112526
9000,0.0002630878500581722
9025,0.00025638370683132985
9050,0.00024982512694913405
9075,0.0002434097148810966
9100,0.0002371350922671265
9125,0.00023099889848186614
9150,0.00022499879117424864
9175,0.00021913244678261733
9200,0.0002133975610257216
9225,0.00020779184936995886
9250,0.0002023130474731855
9275,0.00019695891160548834
9300,0.00019172721904725824
9325,0.00018661576846495533
9350,0.00018162238026494466
9375,0.00017674489692578535
9400,0.0001719811833093667
9425,0.00016732912695129263
9450,0.00016278663833090774
9475,0.00015835165112137943
9500,0.00015402212242023375
9525,0.00014979603296076983
9550,0.00014567138730475377
9575,0.00014164621401681766
9600,0.00013771856582097574
9625,0.00013388651973968144
9650,0.00013014817721584008
9675,0.00012650166421820228
9700,0.00012294513133055647
9725,0.00011947675382513734
9750,0.00011609473172068069
9775,0.00011279728982552587
9800,0.00010958267776620169
9825,0.00010644917000189682
9850,0.00010339506582523812
9875,0.00010041868934978167
9900,9.751838948463032e-05
9925,9.469253989658013e-05
9950,9.193953896020343e-05
9975,8.925780969626077e-05
10000,8.664579969884838e-05
10025,8.410198105166336e-05
10050,8.162485023378232e-05
10075,7.921292801533352e-05
10100,7.68647593434452e-05
10125,7.457891321884327e-05
10150,7.235398256347002e-05
10175,7.018858407948878e-05
10200,6.80813581000371e-05
10225,6.603096843207797e-05
10250,6.40361021917074e-05
10275,6.209546963225525e-05
10300,6.0207803965521945e-05
10325,5.837186117648332e-05
10350,5.65864198317897e-05
10375,5.485028088238235e-05
10400,5.316226746054067e-05
10425,5.1521224671670676e-05
10450,4.992601938113638e-05
10475,4.837553999643321e-05
10500,4.6868696244991334e-05
10525,4.540441894789419e-05
10550,4.398165978979216e-05
10575,4.259939108527907e-05
10600,4.125660554200032e-05
10625,3.99523160207499e-05
10650,3.868555529280823e-05
10675,3.745537579476847e-05
10700,3.626084938108981e-05
10725,3.510106707461103e-05
10750,3.397513881525234e-05
10775,3.288219320712406e-05
10800,3.18213772642599e-05
10825,3.079185615517828e-05
10850,2.979281294647822e-05
10875,2.8823448345661586e-05
10900,2.7882980443373297e-05
10925,2.6970644455243268e-05
10950,2.6085692463504714e-05
10975,2.5227393158563483e-05
11000,2.4395031580681805e-05
11025,2.3587908861936946e-05
11050,2.2805341968607944e-05
11075,2.204666344413927e-05
11100,2.1311221152823725e-05
11125,2.0598378024341e-05
11150,1.9907511799284306e-05
11175,1.9238014775800413e-05
11200,1.858929355746432e-05
11225,1.7960768802503963e-05
11250,1.7351874974485637e-05
11275,1.676206009456526e-05
11300,1.619078549540661e-05
11325,1.5637525576861152e-05
11350,1.5101767563501534e-05
11375,1.4583011264094184e-05
11400,1.4080768833092977e-05
11425,1.3594564534231432e-05
11450,1.3123934506285902e-05
11475,1.2668426531078565e-05
11500,1.222759980378474e-05
11525,1.1801024705605049e-05
11550,1.1388282578858186e-05
11575,1.0988965504547654e-05
11600,1.0602676082450868e-05
11625,1.0229027213775797e-05
11650,9.867641886426628e-06
11675,9.518152962916599e-06
11700,9.180202970963011e-06
11725,8.853443896795359e-06
11750,8.537536981205174e-06
11775,8.23215251836276e-06
11800,7.936969657423164e-06
11825,7.651676206940064e-06
11850,7.3759684421052174e-06
11875,7.109550914826366e-06
11900,6.8521362666551944e-06
11925,6.603445044574012e-06
11950,6.363205519647698e-06
11975,6.131153508544338e-06
12000,5.907032197926751e-06
12025,5.690591971714158e-06
12050,5.48159024121159e-06
12075,5.279791278102425e-06
12100,5.084966050297567e-06
12125,4.896892060633183e-06
12150,4.7153531884065375e-06
12175,4.540139533738786e-06
12200,4.371047264750847e-06
12225,4.207878467537859e-06
12250,4.050440998925716e-06
12275,3.898548341992176e-06
12300,3.7520194643334656e-06
12325,3.6106786790559633e-06
12350,3.4743555084718627e-06
12375,3.3428845504761353e-06
12400,3.2161053475810278e-06
12425,3.0938622585839172e-06
12450,2.9760043328426724e-06
12475,2.8623851871323595e-06
12500,2.7528628850560874e-06
12525,2.647299818981961e-06
12550,2.5455625944777743e-06
12575,2.4475219172137713e-06
12600,2.3530524823040537e-06
12625,2.262032866055839e-06
12650,2.1743454200959202e-06
12675,2.08987616784275e-06
12700,2.008514703292528e-06
12725,1.9301540920870594e-06
12750,1.8546907748309446e-06
12775,1.7820244726252913e-06
12800,1.712058094785099e-06
12825,1.644697648706887e-06
12850,1.579852151853434e-06
12875,1.5174335458219232e-06
12900,1.4573566124620048e-06
12925,1.3995388920100388e-06
12950,1.3439006032057923e-06
12975,1.2903645653579043e-06
13000,1.2388561223243708e-06
13025,1.1893030683743927e-06
13050,1.1416355758979595e-06
13075,1.0957861249297792e-06
13100,1.0516894344540182e-06
13125,1.0092823954567411e-06
13150,9.685040056929174e-07
13175,9.292953061351272e-07
13200,8.915993190712649e-07
13225,8.553609878187998e-07
13250,8.205271180233247e-07
13275,7.870463205094723e-07
13300,7.548689556524523e-07
13325,7.23947079238823e-07
13350,6.942343897853425e-07
13375,6.656861772851172e-07
13400,6.382592733505589e-07
13425,6.11912002722948e-07
13450,5.86604136118842e-07
13475,5.622968443838599e-07
13500,5.389526539246801e-07
13525,5.16535403390614e-07
13550,4.950102015763045e-07
13575,4.7434338651764084e-07
13600,4.545024857532651e-07
13625,4.3545617772448926e-07
13650,4.171742542868157e-07
13675,3.9962758430668904e-07
13700,3.8278807831745743e-07
13725,3.666286542089885e-07
13750,3.511232039257619e-07
13775,3.362465611486692e-07
13800,3.2197446993620993e-07
13825,3.0828355430111013e-07
13850,2.9515128869890076e-07
13875,2.8255596940533004e-07
13900,2.704766867599351e-07
13925,2.5889329825352544e-07
13950,2.477864024377076e-07
13975,2.3713731363503686e-07
14000,2.2692803742875763e-07
14025,2.1714124691152992e-07
14050,2.0776025967292232e-07
14075,1.987690155058919e-07
14100,1.901520548128348e-07
14125,1.8189449769221812e-07
14150,1.7398202368719246e-07
14175,1.6640085217797364e-07
14200,1.591377234001747e-07
14225,1.5217988007166298e-07
14250,1.455150496108763e-07
14275,1.3913142692994134e-07
14300,1.3301765778628245e-07
14325,1.2716282267679444e-07
14350,1.215564212590154e-07
14375,1.1618835728408485e-07
14400,1.1104892402664528e-07
14425,1.0612879019717982e-07
14450,1.0141898632263024e-07
14475,9.691089158148369e-08
14500,9.259622107984128e-08
14525,8.84670135553248e-08
14550,8.451561949599086e-08
14575,8.0734689661746e-08
14600,7.711716399607805e-08
14625,7.365626091621197e-08
14650,7.034546697011587e-08
14675,6.717852684907564e-08
14700,6.41494337448506e-08
14725,6.125242004070877e-08
14750,5.8481948325924776e-08
14775,5.583270272359767e-08
14800,5.329958052192165e-08
14825,5.0877684099302794e-08
14850,4.856231313398039e-08
14875,4.6348957089068006e-08
14900,4.4233287964173275e-08
14925,4.221115330500792e-08
14950,4.027856946263445e-08
14975,3.843171509423452e-08
15000,3.666692489750826e-08
15025,3.4980683571045653e-08
15050,3.336961999322411e-08
15075,3.1830501612404495e-08
15100,3.0360229041407926e-08
15125,2.8955830849457764e-08
15150,2.7614458544974863e-08
15175,2.6333381742806507e-08
15200,2.5109983509662632e-08
15225,2.3941755881717138e-08
15250,2.282629554851493e-08
15275,2.176129969750227e-08
15300,2.0744562013670527e-08
15325,1.977396882897157e-08
15350,1.8847495416328263e-08
15375,1.796320242322206e-08
15400,1.711923243999698e-08
15425,1.631380669816964e-08
15450,1.5545221894183882e-08
15475,1.4811847134192442e-08
15500,1.4112120995586829e-08
15525,1.3444548701134715e-08
15550,1.28076994017157e-08
15575,1.2200203563775095e-08
15600,1.1620750457741748e-08
15625,1.1068085743776846e-08
15650,1.0541009151340298e-08
15675,1.0038372249175072e-08
15700,9.55907630242348e-09
15725,9.102070213696836e-09
15750,8.666348545026192e-09
15775,8.250949617724308e-09
15800,7.85495368728855e-09
15825,7.477481190571128e-09
15850,7.117691062537034e-09
15875,6.774779120020573e-09
15900,6.4479765099806165e-09
15925,6.136548219839295e-09
15950,5.839791647572675e-09
15975,5.557035229302368e-09
16000,5.2876371222147915e-09
16025,5.030983940710711e-09
16050,4.786489543761102e-09
16075,4.553593871516179e-09
16100,4.331761829283448e-09
16125,4.120482217057156e-09
16150,3.91926670284615e-09
16175,3.727648838109575e-09
16200,3.5451831136704994e-09
16225,3.3714440545356163e-09
16250,3.2060253521066124e-09
16275,3.048539032322736e-09
16300,2.8986146583277467e-09
16325,2.7558985663054433e-09
16350,2.620053133177466e-09
16375,2.4907560749052934e-09
16400,2.3676997741843473e-09
16425,2.2505906363632017e-09
16450,2.1391484724640015e-09
16475,2.0331059082221457e-09
16500,1.9322078181033833e-09
16525,1.8362107832961396e-09
16550,1.7448825727136915e-09
16575,1.6580016460780372e-09
16600,1.575356678191869e-09
16625,1.4967461035392738e-09
16650,1.4219776803883393e-09
16675,1.3508680736005737e-09
16700,1.2832424553824344e-09
16725,1.2189341232436343e-09
16750,1.1577841344553905e-09
16775,1.099640956328935e-09
16800,1.0443601316611551e-09
16825,9.918039587195326e-10
16850,9.418411851631388e-10
16875,8.943467153200134e-10
16900,8.492013302640379e-10
16925,8.062914201563854e-10
16950,7.655087283376829e-10
16975,7.267501066774796e-10
17000,6.899172817071242e-10
17025,6.549166310811197e-10
17050,6.216589699301508e-10
17075,5.900593466865108e-10
17100,5.600368479794917e-10
17125,5.315144122145311e-10
17150,5.04418651465511e-10
17175,4.786796813246013e-10
17200,4.542309583685432e-10
17225,4.3100912491409763e-10
17250,4.0895386074880173e-10
17275,3.88007741536016e-10
17300,3.6811610360559986e-10
17325,3.492269148534583e-10
17350,3.3129065148459357e-10
17375,3.1426018034532173e-10
17400,2.9809064660084376e-10
17425,2.8273936652449e-10
17450,2.6816572517473487e-10
17475,2.5433107874542167e-10
17500,2.4119866138362613e-10
17525,2.287334962782439e-10
17550,2.1690231083065027e-10
17575,2.0567345572679546e-10
17600,1.9501682773768138e-10
17625,1.8490379608256482e-10
17650,1.753071321962484e-10
17675,1.6620094274858154e-10
17700,1.575606057708014e-10
17725,1.4936270974955245e-10
17750,1.4158499555540808e-10
17775,1.3420630107844637e-10
17800,1.2720650844892275e-10
17825,1.2056649372636212e-10
17850,1.1426807894544454e-10
17875,1.0829398641190418e-10
17900,1.026277951463083e-10
17925,9.725389937804043e-11
17950,9.21574689960779e-11
17975,8.732441186724776e-11
18000,8.274133793656622e-11
18025,7.83955250280203e-11
18050,7.427488626775501e-11
18075,7.036793905507382e-11
18100,6.666377550996381e-11
18125,6.315203432901846e-11
18150,5.982287398466403e-11
18175,5.6666947205490526e-11
18200,5.367537667826622e-11
18225,5.0839731914880054e-11
18250,4.815200722998569e-11
18275,4.560460077757334e-11
18300,4.319029459701274e-11
18325,4.0902235621346294e-11
18350,3.8733917602748564e-11
18375,3.6679163912098e-11
18400,3.473211117157487e-11
18425,3.288719368105295e-11
18450,3.1139128600847953e-11
18475,2.948290185508988e-11
18500,2.7913754721619965e-11
18525,2.6427171075875618e-11
18550,2.5018865257718403e-11
18575,2.368477053158805e-11
18600,2.24210281117286e-11
18625,2.122397672553639e-11
18650,2.0090142689325997e-11
18675,1.9016230471999152e-11
18700,1.7999113723239502e-11
18725,1.703582674394232e-11
18750,1.612355637762618e-11
18775,1.525963430256363e-11
18800,1.4441529705315529e-11
18825,1.3666842317257283e-11
18850,1.2933295796548035e-11
18875,1.2238731438817962e-11
18900,1.158110220063538e-11
18925,1.095846702056708e-11
18950,1.0368985423360519e-11
18975,9.810912393461919e-12
19000,9.282593504736771e-12
19025,8.782460293881658e-12
19050,8.309025865610987e-12
19075,7.86088071826955e-12
19100,7.436688779062167e-12
19125,7.0351836386079305e-12
19150,6.655164975018674e-12
19175,6.295495158170363e-12
19200,5.95509602528421e-12
19225,5.632945819359912e-12
19250,5.328076282412081e-12
19275,5.0395698958467965e-12
19300,4.766557260686408e-12
19325,4.508214610702775e-12
19350,4.263761451854621e-12
19375,4.0324583217454565e-12
19400,3.813604663123154e-12
19425,3.606536805733143e-12
19450,3.4106260511141046e-12
19475,3.2252768551887585e-12
19500,3.0499251037540676e-12
19525,2.8840364762140635e-12
19550,2.7271048931270286e-12
19575,2.5786510433556264e-12
19600,2.4382209868155685e-12
19625,2.3053848290151658e-12
19650,2.1797354637658064e-12
19675,2.0608873806217462e-12
19700,1.948475533777675e-12
19725,1.842154269314196e-12
19750,1.7415963078353995e-12
19775,1.6464917796892172e-12
19800,1.5565473101007084e-12
19825,1.4714851516812556e-12
19850,1.3910423619027114e-12
19875,1.3149700232459233e-12
19900,1.243032503847277e-12
19925,1.1750067565755677e-12
19950,1.110681654575129e-12
19975,1.0498573614093886e-12
20000,9.923447340326664e-13
